email;prénom;nom;adresse;code_postal;ville;commandes
aalves@brt.fr;ravi;ALVES;3 Chemin des Tilleuls;38100;Grenoble;c084,c224,c298
aandre@sfr.fr;arthur;ANDRE;19 Chemin de Malanot;38700;Corenc;c034,c067,c116
abois@lp.net;amanda;BOIS;10 Chemin du Foulet;38800;Champagnier;c287,c338,c342
adupuis@hot.fr;antoine;DUPLOT;1 Rue Louis Maisonnat;38800;Le Pont-de-Claix;c233,c313,c403
aduval@wan.fr;alban;DUVAL;Impasse Sansaret;38410;Saint-Martin-d'Uriage;c030
aduval1@wan.fr;amélie;DUVAL;55 Rue du Petit Lac;38950;Saint-Martin-le-Vinoux;c328
agilles@sfr.fr;axel;GILLES;160bis Avenue Jean Jaures;38320;Eybens;c009,c346
aguyot@hot.fr;alicia;GUYOT;3 Rue Laurent Darve;38170;Seyssinet-Pariset;c164
aibrahim@but.org;amir;IBRAHIM;6ter Rue de Chamechaude;38360;Sassenage;c105
akhan@but.org;fatima;KHAN;44 Impasse du Replat;38410;Vaulnaveys-le-Haut;c218,c329
alam@m6.com;yara;LAM;23 Impasse des Myrtilles;38360;Sassenage;c337
aleme@msn.com;antoine;LEMOINE;40 Rue du Pré Didier;38120;Fontanil-Cornillon;c089
alemoine1@sfr.fr;axel;LEMOINE;3 rue des abattoirs;38120;Saint-Égrève;c042,c352
alemoyne@wan.fr;anaïs;LEMOYNE;1382 Route de Sarcenas;38950;Quaix-en-Chartreuse;c385
amartin@wan.fr;agathe;MARTIN;332 Route de la Jars;38950;Quaix-en-Chartreuse;c001,c183,c232
amohed@brt.fr;leyla;MOHAMMED;9 Chemin des Vouillants;38600;Fontaine;c022,c216,c336
amorin@or.fr;albane;MORIN;27 Route du Peuil;38640;Claix;c253
apascal@or.fr;agathe;PASCAL;88 Chemin du Sonnant;38410;Saint-Martin-d'Uriage;c005,c137,c182,c208,c277
azainab@m6.com;ahmed;ZAINAB;9 Chemin des Vouillants;38600;Fontaine;c002,c273,c289
bbarbier@or.fr;bastien;BARBIER;13 Rue du Bois Taillis;38610;Gières;c237
bbrunet@or.fr;baptiste;BRUNET;5 Allée du Parc Georges Pompidou;38100;Grenoble;c268
blee@but.org;jae;LEE;Allee de la Draye;38610;Gières;c150
bleroux@sfr.fr;bastien;LEROUX;371 Chemin du Replat;38950;Saint-Martin-le-Vinoux;c098,c190,c322,c368
bmoreau@hot.fr;baptiste;MOREAU;236 Chemin des Rochaux;38320;Herbeys;c210,c228
bmorel@or.fr;bastien;MOREL;19 Chemin du Petit Bois;38360;Sassenage;c151,c407
bpetit@hot.fr;baptiste;PETIT;13 Rue du Bois Taillis;38610;Gières;c061,c236
cbonnet@wan.fr;célestin;BONNET;40 Avenue Rhin et Danube;38100;Grenoble;c076
cbourgeois@sfr.fr;clément;BOURGEOIS;82 Route de Chartreuse;38700;Corenc;c272
ccarre@hot.fr;clémence;CARRE;7 Rue de Chamrousse;38800;Champagnier;c201,c395
cdupuis@wan.fr;célestin;DUPUIS;251 Chemin des Alberges;38410;Vaulnaveys-le-Haut;""
cdupuis1@gm.fr;claire;DUPUIT;55 Clos des Franquieres;38330;Biviers;c203
cgarnier@gm.fr;clara;GARNIER;845 Route des Ayettes;38360;Engins;c290
cgirard@or.fr;camille;GIRARD;48 Chemin de l’Effraie;38320;Herbeys;c367
cguerin@sfr.fr;célestin;GUERIN;1606 Route de Narbonne;38950;Saint-Martin-le-Vinoux;c127
cguillaume@lp.net;clara;GUILLAUME;12 Rue de la Liberté;38800;Le Pont-de-Claix;c300
chenry@hot.fr;clara;HENRY;131 Chemin du Bois;38330;Saint-Ismier;c082,c117,c388
chong@m6.com;sung;HONG;Le Saint Eynard;38700;Le Sappey-en-Chartreuse;c057
cleclerc@wan.fr;célestin;LECLERC;8 Rue de l'Argentière;38600;Fontaine;c072,c091,c378
clefebvre@lp.net;céleste;LEFEBVRE;19 Rue des Déportés du 11 Novembre 1943;38100;Grenoble;c165
clegrand@or.fr;célestin;LEGRAND;193 Chemin du Stade;38330;Saint-Ismier;c186,c381
clement@or.fr;charlotte;CLEMENT;2665 Route des Angonnes;38320;Brié-et-Angonnes;c320,c365
clenoir@gm.fr;clémentine;LENOIR;220 Place Déesse Hygie;38410;Saint-Martin-d'Uriage;c124
cmercier@hot.fr;clara;MERCIER;1 Les Combes;38170;Seyssinet-Pariset;c011
cpetit@or.fr;clémence;PETIT;2 Route de Saint-Nizier;38170;Seyssinet-Pariset;c213
cpetit1@lp.net;clémentine;PETIT;58 Route du Peuil;38640;Claix;c121,c172
ebernard@lp.net;éva;BERNARD;40 rue de la gare;38120;Saint-Égrève;c017,c168
edenis@gm.fr;élise;DENIS;785b Chemin des Bourins;38320;Brié-et-Angonnes;c058
egarnier@sfr.fr;eva;GARNIER;36 Allée du Charivari;38410;Vaulnaveys-le-Bas;c113,c146,c217,c246,c398
egiraud@lp.net;elisa;GIRAUD;34 Rue Aristide Berges;38400;Saint-Martin-d'Hères;c016
eguerin@wan.fr;elisa;GUERIN;1028 Chemin du Rozat;38330;Saint-Ismier;c175
elaroche@lp.net;emma;LAROCHE;64 Avenue du Vercors;38600;Fontaine;c107,c219,c363
elefebvre@sfr.fr;enzo;LEFEBVRE;12 Avenue des 4 Chemins;38240;Meylan;""
eleroy@ptr.fr;emma;LEROY;12 Rue du 19 mars 1962;38000;Grenoble;c171,c330
emarchand@ok.fr;elisa;MARCHAND;7 Ensemble immobilier du Domaine des Plantées;38330;Biviers;c021,c242,c263
emasson@gmx.fr;éléna;MASSON;4 Rue Albert Londres;38130;Échirolles;""
emeyer@or.fr;emma;MEYER;210 Impasse Jaillière;38250;Saint-Nizier-du-Moucherotte;c037,c402
emeyer1@or.fr;estelle;MEYER;500 Impasse de Montperet;38410;Vaulnaveys-le-Haut;c123,c136,c138,c286
emoulin@or.fr;emma;MOULIN;241 Chemin des Espinas;38340;Voreppe;c056,c351
hcho@brt.fr;soo;CHO;22 Chemin des Batteries;38700;La Tronche;c041,c060,c193
hkim@brt.fr;hana;KIM;2 Chemin de Noyarey;38700;La Tronche;c409
hmartin@hot.fr;hugo;MARTIN;57 Chemin du Vieux Chêne;38240;Meylan;c111,c331,c369
hnguyen@brt.fr;minh;NGUYEN;17 Impasse des Longs;38320;Brié-et-Angonnes;c087,c257
idumas@lp.net;inès;DUMAS;182 Allée des Chanterelles;38410;Saint-Martin-d'Uriage;c148,c254
jblanc@hot.fr;julie;BLANC;371 Chemin du Replat;38950;Saint-Martin-le-Vinoux;c187,c264
jdupont@sfr.fr;julie;DUPONT;6 Rue Jean Francois Champollion;38360;Sassenage;c241
jdurand@gm.fr;julien;DURAND;54 Chemin de Chantemerle;38700;La Tronche;c303,c325
jeyer@or.fr;julie;MEYER;15 Pajon;38700;Corenc;c379
jfernandez@gm.fr;julie;FERNANDEZ;117 Chemin du Mollarout;38250;Saint-Nizier-du-Moucherotte;c118,c280,c294
jgar@icloud.com;jade;GAUTHIER;16 rue des glairaux;38120;Saint-Égrève;c149,c282
jguie@or.fr;julie;GUILLAUME;1965 Route de Gières;38410;Saint-Martin-d'Uriage;c249
jguil@or.fr;julie;GUIL;5 Rue du Drac;38130;Échirolles;c173,c227
jjuma@brt.fr;amina;JUMA;737 Route du Gua;38950;Quaix-en-Chartreuse;c311,c350
jlefebvre@or.fr;juliette;LEFEBVRE;710 Rue Aristide Berges;38330;Montbonnot-Saint-Martin;c297
jmorel@or.fr;jenna;MOREL;296 Chemin des Quartallées;38330;Saint-Ismier;c160,c170
lbarbier@lp.net;léa;BARBIER;21bis Avenue Pierre Mendès-france;38320;Poisat;c220,c380,c393,c405
lbarbier1@lp.net;lola;BARBIER;1 Rue du Saint-eynard;38240;Meylan;c245,c318,c372
lblanc@gm.fr;léo;BLANC;16 Rue Henri Barbusse;38100;Grenoble;c012,c018,c051,c075
lblanc1@lp.net;léo;BAHAH;61 rue de champaviotte;38120;Saint-Égrève;c095,c239,c355
lblanc2@wan.fr;lucas;BLANC;101 Chemin des Epiniers;38320;Herbeys;c158,c339
lbonnet@or.fr;léa;BONNET;92 Chemin de l'Ayat;38420;Murianette;c293
lboucher@sfr.fr;lilou;BOUCHER;167 Chemin de la Fonderie;38410;Saint-Martin-d'Uriage;c265,c308,c344
lboulanger@gm.fr;louka;BOULANGER;7 Impasse Paul Corbin;38360;Sassenage;""
lbrunet@gm.fr;léo;BRUNET;6 Rue Charles Morel;38420;Domène;c135,c295
lcaron@lp.net;léo;CARON;758 Chemin de l’Egagere;38320;Brié-et-Angonnes;c364
lcharles@sfr.fr;liam;CHARLES;13 Rue Raoul Blanchard;38400;Saint-Martin-d'Hères;c114,c184
ldubois@wel.fr;léa;DUBOIS;2 Avenue de la Louisiane;38120;Fontanil-Cornillon;c015,c132,c307,c309
ldupuis@hot.fr;lola;DUPUIS;163 Hameau du Château;38360;Sassenage;c177,c252
ldupuis1@hot.fr;louise;DUPUIS;31bis Rue du Progrès;38170;Seyssinet-Pariset;c353
ldupuis2@hot.fr;marie;DUPUIS;10 Rue Giusto Gervasutti;38000;Grenoble;c039,c099,c279,c392
ldupuis3@gm.fr;théo;DUPUIS;736a Chemin de Blanchetière;38560;Jarrie;c074,c142,c271
lfaure@faure.com;louise;FAURE;81 Route du Peuil;38640;Claix;c052,c077,c185,c243
lferrand@gm.fr;lise;FERRAND;38 Route de Chartreuse;38700;Corenc;c348,c349
lfournier@sfr.fr;léo;FOURNIER;Route d’Uriage;38320;Brié-et-Angonnes;c043,c154,c178,c179,c180,c209,c291,c317
lgarnier@lp.net;lénaïc;GARNIER;Échangeur du Synchrotron;38000;Grenoble;c024
lgouillaume@sfr.fr;léa;GOUILLAUME;21 Chemin du Boeuf;38330;Biviers;c386
lguerin@gm.fr;louane;GUERIN;Rue du Triéves;38320;Eybens;c375
lguillaume@lp.net;léa;GUILLAUME;Chemin des Perrets;38420;Murianette;c129,c408
lguyot@lp.net;louna;GUYOT;17 Avenue du Vercors;38170;Seyssinet-Pariset;c020,c110,c387
ljuma@but.org;ali;JUMA;58 Impasse de Boulière;38700;Le Sappey-en-Chartreuse;c047,c153,c156,c157,c376
llegrand@or.fr;léna;LEGRAND;204 Chemin de Billerey;38330;Biviers;c321
llegrand1@or.fr;mael;LEGRAND;161bis Cours de la Libération et du Général de Gaulle;38100;Grenoble;c050,c090
llemaitre@bbox.fr;léna;LEMAITRE;12 avenue de la monta;38120;Saint-Égrève;c131,c166,c269
llerouge@free.fr;léonie;LEROUGE;175 Chemin de Pragnier;38320;Herbeys;c115,c204,c324,c341
lmartin@or.fr;léo;MARTIN;Chemin de Charrière;38240;Meylan;c027,c108
lmartinez@or.fr;lucas;MARTINEZ;34 Chemin de Cressanet;38330;Saint-Ismier;c086,c181,c240
lmasson@lp.net;léandro;MASSON;20 Allée de la Calandre;38420;Domène;c235,c283
lmercier@or.fr;léa;MERCIER;306bis Chemin du Louvarou;38560;Jarrie;c046,c354,c404
lmichel@or.fr;louis;MICHEL;1 Rue Jean Francois Champollion;38360;Sassenage;c316
lmoreau@wan.fr;lucas;MOREAU;777 Route de la Mearie;38950;Quaix-en-Chartreuse;c078,c106,c109
lpetit@gm.fr;léna;PETIT;1917 Route de la Charmette;38120;Proveysieux;c068,c188,c215
lsaleh@brt.fr;aisha;SALEH;114 Chemin des Pensées;38410;Saint-Martin-d'Uriage;c003,c004,c013,c262,c374
mabdel@m6.com;nadia;ABDEL;109 Chemin des Perrets;38420;Murianette;c304
mabdullah@but.org;salim;ABDULLAH;route de quaix;38120;Saint-Égrève;c155,c244,c343
marnaud@out.fr;mathéo;ARNAUD;23 Chemin de Lagay;38320;Eybens;c229,c281
marnaud1@sfr.fr;maxence;ARNAUD;Rue de la Chantourne;38420;Domène;c197,c394
maziz@m6.com;ali;AZIZ;Pont d'Oxford;38000;Grenoble;c085,c256,c259,c306
mblanc@bbox.fr;matisse;BLANC;155 Chemin de la Source;38420;Murianette;c162
mbonnet@or.fr;marie;BONNETO;3 Chemin du Fangeat;38180;Seyssins;c071,c081,c194,c302,c332
mbourge@gm.fr;mathéo;BOURGEOIS;274 Chemin du Cheval Perdu;38410;Saint-Martin-d'Uriage;c238,c347
mbourgeois@lp.net;maelle;BOURGEOIS;310 Chemin du Fournet;38320;Herbeys;c327
mcolin@sfr.fr;margot;COLIN;54 Chemin de Bel Air;38330;Saint-Nazaire-les-Eymes;c128,c371
mcolin1@gm.fr;martin;COLIN;4 Chemin du Champ des Pierres;38800;Champagnier;c223,c251
mdupont@gm.fr;manon;DUPONT;Centrale du Rondeau;38800;Le Pont-de-Claix;c267,c315,c319
mgauthier@sfr.fr;matthieu;GAUTHIER;13 Chemin de la Cote;38800;Champagnier;c066
mgiraud@gm.fr;manon;GIRAUD;721 Chemin du Replat;38950;Saint-Martin-le-Vinoux;c401
mgiraud1@gm.fr;martin;GIRAUD;10 Quai Eugene Charpenay;38700;La Tronche;c189
mgomes@but.org;yusuf;GOMES;22 Chemin du Mollard;38250;Saint-Nizier-du-Moucherotte;c126,c278,c377
mguerin@lp.net;maeva;GUERIN;2306 Route de Gières;38410;Saint-Martin-d'Uriage;c152,c174
mjean@lp.net;marie;JEAN;486 Route de Laliarey;38360;Engins;c103
mjoly@or.fr;margot;JOLY;11 Rue Baudelaire;38130;Échirolles;c169,c301
mkhalid@m6.com;laila;KHALID;8 Chemin de la Pissarde;38640;Claix;c040,c144,c221
mlaurent@yahoo.fr;mathis;LAURENT;26bis Rue Garibaldi;38600;Fontaine;c065
mlee@but.org;jin;LEE;4 Allée des Glycines;38170;Seyssinet-Pariset;c102
mlucas@sfr.fr;mathis;LUCAS;10 ZA de l'Espace Tremplin;38250;Saint-Nizier-du-Moucherotte;c038,c064,c359
mmichel@bbox.fr;mélina;MICHEL;13 Allée des Châtaigniers;38130;Échirolles;c214,c383
mmoh@m6.com;amina;MOHAMED;29 Place Karl Marx;38400;Saint-Martin-d'Hères;c025
mmorel@out.fr;maxence;MOREL;161 Route de Gières;38410;Saint-Martin-d'Uriage;c207
mperrier@or.fr;mattéo;PERRIER;332 Chemin de Pragard;38320;Herbeys;c391
mperrin@lp.net;maël;PERRIN;142 Avenue des Thermes;38410;Saint-Martin-d'Uriage;c096,c231
nali@m6.com;youssef;ALI;9 Rue Casimir Brenier;38000;Grenoble;c100
nbarbier@wan.fr;noé;BARBIER;1 Place Fontaine Amelie;38330;Saint-Ismier;c260
nblanc@hot.fr;noémie;BLANC;1382 Route de Sarcenas;38950;Quaix-en-Chartreuse;c088,c205
nchevalier@wan.fr;noah;CHEVALIER;13 Allée des Plans;38600;Fontaine;c258
ncolin@or.fr;noémie;COLINO;145 Route de Clémencières;38950;Saint-Martin-le-Vinoux;c161
njabari@brt.fr;jamal;JABARI;201 Chemin des Fourneaux;38410;Vaulnaveys-le-Haut;c045,c284
nlaurent@yahoo.fr;nathan;LAMBERT;416 Chemin Saint Georges;38410;Vaulnaveys-le-Haut;c399
nleclerc@sfr.fr;noémie;LECLERC;919 Chemin des Chevalieres;38330;Biviers;c400
nlois@or.fr;noémie;LOUIS;1 Rue de la Poya;38600;Fontaine;c356
nnguyen@brt.fr;tuan;NGUYEN;25 Rue Romain Rolland;38130;Échirolles;c373
omenard@lp.net;océane;MENARD;256 Chemin des Bioux;38320;Brié-et-Angonnes;c305
pbourgeois@gm.fr;pierre;BOURGEOIS;260 Chemin de Cul-froid le Bas;38610;Venon;c147,c288
pnicolas@or.fr;pauline;NICOLAS;7c Avenue de Kimberley;38130;Échirolles;c104,c335,c357
ppatel@m6.com;anaya;PATEL;702 Chemin de Pragard;38320;Herbeys;c212
rahmed@m6.com;samira;AHMED;258 Chemin de Bordeliere;38700;Le Sappey-en-Chartreuse;c275
rali@m6.com;yasir;ALI;14 Chemin de Prélangou;38800;Champagnier;c054
rbonnet@gm.fr;raphaël;BONNET;7bis Rue Honoré de Balzac;38100;Grenoble;c026,c097,c255
rbonnet1@hot.fr;romain;BONNET;95bis Rue des Allobroges;38180;Seyssins;c333
rdavid@or.fr;romain;DAVID;1 Chemin du Bac;38610;Gières;c069,c200,c211
rdubois@gm.fr;romain;DUBOIS;10 Allee des Moscaries;38240;Meylan;c093
rgarcia@or.fr;romane;GARCIA;43 Rue du Cornillon;38120;Fontanil-Cornillon;c384
rjoly@or.fr;romain;JOLY;1679 CD5e;38410;Vaulnaveys-le-Haut;c225,c358
rlambert@lp.net;romane;LAMBERT;156 Chemin de Montavit;38320;Bresson;c010,c140,c382
rleclerc@wan.fr;romain;LECLERC;101bis Avenue Jean Perrot;38100;Grenoble;c070,c176,c292
rmercier@gm.fr;romain;MERCIER;13 Chemin des Combettes;38700;La Tronche;c059,c101,c198,c266,c299
rmoulin@or.fr;romane;MOULIN;739 Chemin des Chartreux;38410;Vaulnaveys-le-Haut;c274
sabbasi@m6.com;youssef;ABBASI;4 Rue Pablo Picasso;38130;Échirolles;c031,c270
sdufour@or.fr;simon;DUFOUR;1939 Route de Chambéry - Route Départementale 1090;38330;Saint-Ismier;c094,c261
sgautier@hot.fr;simon;GAUTIER;395 Route du Col de Porte;38700;Le Sappey-en-Chartreuse;c112
slemaitre@sfr.fr;sacha;LEMAITRE;100 Chemin de la Croix Verte;38330;Montbonnot-Saint-Martin;c141,c145,c226,c296
smercier@sfr.fr;simon;MERCIER;278 Route de Pontenin;38560;Jarrie;c120,c122,c133,c362,c370
ssharma@but.org;raj;SHARMA;2 Rue des Marronniers;38320;Eybens;c006,c007,c023,c053
ssharma@m6.com;rohan;SHARMA;11 Avenue Paul Eluard;38130;Échirolles;c334
sshin@but.org;hyun;SHIN;23 Rue Génissieu;38000;Grenoble;c019,c143,c206,c389
ssingh@m6.com;arun;SINGH;3920 Route de Prémol;38410;Vaulnaveys-le-Haut;c366
tblanc@hot.fr;timéo;BLANC;14ter Chemin de Batonnière;38700;Corenc;c083,c196
tbrun@or.fr;tom;BRUN;780 Chemin de la Délaissée;38420;Murianette;c073,c080,c125,c134,c159
tdufour@sfr.fr;théo;DUFOUR;18 Rue des Nations;38400;Saint-Martin-d'Hères;c029,c410
tdupont@wan.fr;thomas;DUPONT;138 Chemin de la Cime de Montquaix;38950;Quaix-en-Chartreuse;c048,c247,c390
tgarnier@sfr.fr;théa;GARNIER;140 Chemin des Noisetiers;38120;Proveysieux;c079
tgiraud@sfr.fr;tom;GIRAUD;757 Chemin des Semaises;38330;Saint-Ismier;c130,c310,c323,c361
tguerin@or.fr;tom;GUERIN;5 Allee du Gerbier;38320;Eybens;c033,c036,c248
tguillaume@gm.fr;thomas;GUILLAUME;6 Chemin du Pont Charvet;38360;Sassenage;c044
tguillemin@out.fr;timéo;GUILLEMIN;160 Avenue des Martyrs;38000;Grenoble;c234,c406
thenri@or.fr;thomas;HENRI;2 Route de Villard de Lans;38360;Engins;c326
tlouis@gm.fr;théo;LOUIS;8 Avenue de Vignate;38610;Gières;c035,c049,c230,c312,c345,c360
ttan@m6.com;wei;TAN;8 Allee de la Duatiere;38640;Claix;c276
vlacroix@sfr.fr;valentin;LACROIX;2 Rue Étienne Marcel;38000;Grenoble;c202
vmartin@lp.net;valentin;MARTIN;2 Rue Jean Pierre Timbaud;38130;Échirolles;c028,c397
vmartino@lp.net;valentin;MARTINO;107g Rue des Taillèes;38400;Saint-Martin-d'Hères;c014
wnguyen@but.org;thi;NGUYEN;1 Allée Robespierre;38800;Le Pont-de-Claix;c396
yali@brt.fr;lei;ALI;335 Chemin de Plate Rousset;38330;Biviers;c119,c163,c199
yguerin@lp.net;yann;GUERIN;121 Chemin de la Pommeraie;38330;Biviers;c314
ykim@but.org;ji;KIM;191 Route de la Ronzière;38410;Saint-Martin-d'Uriage;c008,c032,c062,c285
ysaito@brt.fr;mai;SAITO;535 Route de Venon;38410;Saint-Martin-d'Uriage;c055,c063,c195
ysung@m6.com;mi;SUNG;231 Route de Biviers;38330;Saint-Ismier;c191
zahmed@but.org;aaliyah;AHMED;3 Rue Vendre;38000;Grenoble;c192
zchen@brt.fr;yan;CHEN;2bis Rue Jean Pierre Timbaud;38130;Échirolles;c250
zlacroix@hot.fr;zoé;LACROIX;112 Chemin des Fourneaux;38410;Vaulnaveys-le-Haut;c340
zlemaire@lp.net;zoé;LEMAIRE;1 Chemin du Fort;38640;Claix;c139,c222
zmartinez@bbox.fr;zoé;MARTINEZ;51 Rue Louise Drevet;38360;Noyarey;c092,c167
